Country.Other;TotalCases;NewCases;TotalDeaths;NewDeaths;TotalRecovered;ActiveCases;Serious.Critical;Tot.Cases.1M.pop;Deaths.1M.pop;TotalTests;Tests.1M.pop;Continent;Death Rate(%) DR;Recover Rate(%) RR;Country Severity Index (Deaths/Recovered*100)
World;1997666;73729;126597;6979;478503;1392566;51592;  256,00;  16,20;NA;NA;All; 6,3372456; 23,9531033;  26,4568874
USA; 613886;26945; 26047;2407; 38820; 549019;13473; 1855,00;  79,00;3065019;  9260;North America; 4,2429702;  6,3236497;  67,0968573
Spain; 174060; 3961; 18255; 499; 67504;  88301; 7371; 3723,00; 390,00; 600000; 12833;Europe;10,4877628; 38,7820292;  27,0428419
Italy; 162488; 2972; 21067; 602; 37130; 104291; 3186; 2687,00; 348,00;1073689; 17758;Europe;12,9652651; 22,8509182;  56,7384864
France; 143303; 6524; 15729; 762; 28805;  98769; 6730; 2195,00; 241,00; 333807;  5114;Europe;10,9760438; 20,1007655;  54,6051033
Germany; 132210; 2138;  3495; 301; 68200;  60515; 4288; 1578,00;  42,00;1317887; 15730;Europe; 2,6435217; 51,5846003;   5,1246334
UK;  93873; 5252; 12107; 778;NA;  81422; 1559; 1383,00; 178,00; 382650;  5637;Europe;12,8972122;NA;NA
China;  82295;   46;  3342;   1; 77816;   1137;  113;   57,00;   2,00;NA;NA;Asia; 4,0610001; 94,5573850;   4,2947466
Iran;  74877; 1574;  4683;  98; 48129;  22065; 3691;  891,00;  56,00; 287359;  3421;Asia; 6,2542570; 64,2774150;   9,7301004
Turkey;  65111; 4062;  1403; 107;  4799;  58909; 1809;  772,00;  17,00; 443626;  5260;Asia; 2,1547818;  7,3704904;  29,2352573
Belgium;  31119;  530;  4157; 254;  6868;  20094; 1223; 2685,00; 359,00; 102151;  8814;Europe;13,3583984; 22,0701179;  60,5270821
Netherlands;  27419;  868;  2945; 122;   250;  24224; 1358; 1600,00; 172,00; 134972;  7877;Europe;10,7407272;  0,9117765;1178,0000000
Canada;  27063; 1383;   903; 123;  8235;  17925;  557;  717,00;  24,00; 450717; 11942;North America; 3,3366589; 30,4289990;  10,9653916
Switzerland;  25936;  248;  1174;  36; 13700;  11062;  386; 2997,00; 136,00; 199000; 22993;Europe; 4,5265268; 52,8223319;   8,5693431
Brazil;  25262; 1832;  1532; 204; 14026;   9704;  296;  119,00;   7,00;  62985;   296;South America; 6,0644446; 55,5221281;  10,9225724
Russia;  21102; 2774;   170;  22;  1694;  19238;    8;  145,00;   1,00;1400000;  9593;Europe; 0,8056108;  8,0276751;  10,0354191
Portugal;  17448;  514;   567;  32;   347;  16534;  218; 1711,00;  56,00; 191680; 18798;Europe; 3,2496561;  1,9887666; 163,4005764
Austria;  14226;  185;   384;  16;  7633;   6209;  243; 1580,00;  43,00; 151796; 16854;Europe; 2,6992830; 53,6552791;   5,0307874
Israel;  12046;  460;   123;   7;  2195;   9728;  175; 1392,00;  14,00; 117339; 13557;Asia; 1,0210858; 18,2218164;   5,6036446
India;  11487; 1034;   393;  35;  1359;   9735;NA;    8,00;   0,30; 244893;   177;Asia; 3,4212588; 11,8307652;  28,9183223
Ireland;  11479;  832;   406;  41;    25;  11048;  194; 2325,00;  82,00;  90646; 18358;Europe; 3,5368935;  0,2177890;1624,0000000
Sweden;  11445;  497;  1033; 114;   381;  10031;  915; 1133,00; 102,00;  54700;  5416;Europe; 9,0257754;  3,3289646; 271,1286089
S. Korea;  10564;   27;   222;   5;  7534;   2808;   55;  206,00;   4,00; 527438; 10288;Asia; 2,1014767; 71,3176827;   2,9466419
Peru;  10303;  519;   230;  14;  2869;   7204;  132;  312,00;   7,00; 102216;  3100;South America; 2,2323595; 27,8462584;   8,0167306
Chile;   7917;  392;    92;  10;  2646;   5179;  387;  414,00;   5,00;  87794;  4593;South America; 1,1620563; 33,4217507;   3,4769463
Japan;   7645;   27;   143;NA;   799;   6703;  135;   60,00;   1,00;  78702;   622;Asia; 1,8705036; 10,4512753;  17,8973717
Ecuador;   7603;   74;   369;  14;   696;   6538;  129;  431,00;  21,00;  25347;  1437;South America; 4,8533474;  9,1542812;  53,0172414
Poland;   7202;  268;   263;  18;   618;   6321;  160;  190,00;   7,00; 148321;  3919;Europe; 3,6517634;  8,5809497;  42,5566343
Romania;   6879;  246;   351;  20;  1051;   5477;  241;  358,00;  18,00;  70097;  3644;Europe; 5,1024858; 15,2783835;  33,3967650
Norway;   6623;   20;   139;   5;    32;   6452;   59; 1222,00;  26,00; 128569; 23716;Europe; 2,0987468;  0,4831647; 434,3750000
Denmark;   6511;  193;   299;  14;  2515;   3697;  100; 1124,00;  52,00;  74210; 12812;Europe; 4,5922285; 38,6269390;  11,8886680
Australia;   6400;   41;    61;NA;  3598;   2741;   80;  251,00;   2,00; 366493; 14372;Australia/Oceania; 0,9531250; 56,2187500;   1,6953863
Czechia;   6111;   52;   161;  18;   642;   5308;   92;  571,00;  15,00; 131542; 12283;Europe; 2,6345934; 10,5056456;  25,0778816
Pakistan;   5837;  341;    96;   3;  1378;   4363;   46;   26,00;   0,40;  69928;   317;Asia; 1,6446805; 23,6080178;   6,9666183
Saudi Arabia;   5369;  435;    73;   8;   889;   4407;   59;  154,00;   2,00; 150000;  4309;Asia; 1,3596573; 16,5580183;   8,2114736
Philippines;   5223;  291;   335;  20;   295;   4593;    1;   48,00;   3,00;  43500;   397;Asia; 6,4139383;  5,6480950; 113,5593220
Mexico;   5014;  353;   332;  36;  1964;   2718;  207;   39,00;   3,00;  37395;   290;North America; 6,6214599; 39,1703231;  16,9042770
Malaysia;   4987;  170;    82;   5;  2478;   2427;   60;  154,00;   3,00;  84791;  2620;Asia; 1,6442751; 49,6891919;   3,3091203
UAE;   4933;  412;    28;   3;   933;   3972;    1;  499,00;   3,00; 648195; 65538;Asia; 0,5676059; 18,9134401;   3,0010718
Indonesia;   4839;  282;   459;  60;   426;   3954;NA;   18,00;   2,00;  31628;   116;Asia; 9,4854309;  8,8034718; 107,7464789
Serbia;   4465;  411;    94;   9;   400;   3971;  131;  511,00;  11,00;  23398;  2678;Europe; 2,1052632;  8,9585666;  23,5000000
Panama;   3574;  102;    95;   1;    72;   3407;  106;  828,00;  22,00;  16053;  3720;North America; 2,6580862;  2,0145495; 131,9444444
Qatar;   3428;  197;     7;NA;   373;   3048;   37; 1190,00;   2,00;  52622; 18265;Asia; 0,2042007; 10,8809802;   1,8766756
Ukraine;   3372;  270;    98;   5;   119;   3155;   45;   77,00;   2,00;  35153;   804;Europe; 2,9062871;  3,5290629;  82,3529412
Luxembourg;   3307;   15;    67;NA;   500;   2740;   30; 5283,00; 107,00;  29523; 47163;Europe; 2,0260054; 15,1194436;  13,4000000
Dominican Republic;   3286;  119;   183;   6;   162;   2941;  143;  303,00;  17,00;   9275;   855;North America; 5,5690809;  4,9300061; 112,9629630
Belarus;   3281;  362;    33;   4;   203;   3045;   57;  347,00;   3,00;  71875;  7606;Europe; 1,0057909;  6,1871381;  16,2561576
Singapore;   3252;  334;    10;   1;   611;   2631;   29;  556,00;   2,00;  72680; 12423;Asia; 0,3075031; 18,7884379;   1,6366612
Finland;   3161;   97;    64;   5;   300;   2797;   74;  571,00;  12,00;  47290;  8535;Europe; 2,0246757;  9,4906675;  21,3333333
Colombia;   2979;  127;   127;  15;   354;   2498;  106;   59,00;   2,00;  43053;   846;South America; 4,2631756; 11,8831823;  35,8757062
Thailand;   2613;   34;    41;   1;  1405;   1167;   61;   37,00;   0,60; 100498;  1440;Asia; 1,5690777; 53,7696135;   2,9181495
Egypt;   2350;  160;   178;  14;   589;   1583;NA;   23,00;   2,00;  25000;   244;Africa; 7,5744681; 25,0638298;  30,2207131
Argentina;   2277;NA;   102;   4;   559;   1616;   83;   50,00;   2,00;  22805;   505;South America; 4,4795784; 24,5498463;  18,2468694
Greece;   2170;   25;   101;   2;   269;   1800;   76;  208,00;  10,00;  48798;  4682;Europe; 4,6543779; 12,3963134;  37,5464684
Algeria;   2070;   87;   326;  13;   691;   1053;   60;   47,00;   7,00;   3359;    77;Africa;15,7487923; 33,3816425;  47,1780029
Moldova;   1934;  222;    40;   5;   134;   1760;   80;  479,00;  10,00;   6271;  1555;Europe; 2,0682523;  6,9286453;  29,8507463
Morocco;   1888;  125;   126;NA;   217;   1545;    1;   51,00;   3,00;   9609;   260;Africa; 6,6737288; 11,4936441;  58,0645161
Iceland;   1720;    9;     8;NA;   989;    723;    8; 5040,00;  23,00;  36339;106490;Europe; 0,4651163; 57,5000000;   0,8088979
Croatia;   1704;   54;    31;   6;   415;   1258;   34;  415,00;   8,00;  18359;  4472;Europe; 1,8192488; 24,3544601;   7,4698795
Bahrain;   1528;  167;     7;   1;   645;    876;    3;  898,00;   4,00;  69359; 40762;Asia; 0,4581152; 42,2120419;   1,0852713
Hungary;   1512;   54;   122;  13;   122;   1268;   58;  157,00;  13,00;  35825;  3708;Europe; 8,0687831;  8,0687831; 100,0000000
Iraq;   1400;   22;    78;NA;   766;    556;NA;   35,00;   2,00;  45437;  1130;Asia; 5,5714286; 54,7142857;  10,1827676
Estonia;   1373;   41;    31;   3;   115;   1227;   11; 1035,00;  23,00;  32263; 24321;Europe; 2,2578296;  8,3758194;  26,9565217
New Zealand;   1366;   17;     9;   4;   628;    729;    4;  283,00;   2,00;  64399; 13355;Australia/Oceania; 0,6588580; 45,9736457;   1,4331210
Kuwait;   1355;   55;     3;   1;   176;   1176;   26;  317,00;   0,70;NA;NA;Asia; 0,2214022; 12,9889299;   1,7045455
Kazakhstan;   1232;  141;    14;   2;   203;   1015;   21;   66,00;   0,70;  76904;  4096;Asia; 1,1363636; 16,4772727;   6,8965517
Slovenia;   1220;    8;    56;   1;   152;   1012;   35;  587,00;  27,00;  35946; 17291;Europe; 4,5901639; 12,4590164;  36,8421053
Azerbaijan;   1197;   49;    13;   1;   351;    833;   25;  118,00;   1,00;  71736;  7075;Asia; 1,0860485; 29,3233083;   3,7037037
Uzbekistan;   1165;  167;     4;NA;    99;   1062;    8;   35,00;   0,10;  70000;  2091;Asia; 0,3433476;  8,4978541;   4,0404040
Bosnia and Herzegovina;   1083;   46;    40;   1;   236;    807;    4;  330,00;  12,00;  12407;  3782;Europe; 3,6934441; 21,7913204;  16,9491525
Lithuania;   1070;    8;    29;   5;   101;    940;   14;  393,00;  11,00;  42690; 15682;Europe; 2,7102804;  9,4392523;  28,7128713
Armenia;   1067;   28;    16;   2;   265;    786;   30;  360,00;   5,00;   8316;  2806;Asia; 1,4995314; 24,8359888;   6,0377358
Hong Kong;   1013;    3;     4;NA;   434;    575;   13;  135,00;   0,50;  96709; 12900;Asia; 0,3948667; 42,8430405;   0,9216590
Bangladesh;   1012;  209;    46;   7;    42;    924;    1;    6,00;   0,30;  13128;    80;Asia; 4,5454545;  4,1501976; 109,5238095
North Macedonia;    908;   54;    44;   6;    86;    778;   15;  436,00;  21,00;   9262;  4446;Europe; 4,8458150;  9,4713656;  51,1627907
Cameroon;    848;NA;    14;   2;   130;    704;NA;   32,00;   0,50;NA;NA;Africa; 1,6509434; 15,3301887;  10,7692308
Slovakia;    835;   66;     2;NA;   113;    720;    5;  153,00;   0,40;  30052;  5504;Europe; 0,2395210; 13,5329341;   1,7699115
Oman;    813;   86;     4;NA;   130;    679;    3;  159,00;   0,80;NA;NA;Asia; 0,4920049; 15,9901599;   3,0769231
Cuba;    766;   40;    21;NA;   132;    613;    9;   68,00;   2,00;  18634;  1645;North America; 2,7415144; 17,2323760;  15,9090909
Tunisia;    747;   21;    34;NA;    43;    670;   89;   63,00;   3,00;  12415;  1050;Africa; 4,5515395;  5,7563588;  79,0697674
Afghanistan;    714;   49;    23;   2;    40;    651;NA;   18,00;   0,60;NA;NA;Asia; 3,2212885;  5,6022409;  57,5000000
Bulgaria;    713;   28;    35;   3;    81;    597;   29;  103,00;   5,00;  18502;  2663;Europe; 4,9088359; 11,3604488;  43,2098765
Cyprus;    695;   33;    12;NA;    65;    618;    8;  576,00;  10,00;  17923; 14845;Asia; 1,7266187;  9,3525180;  18,4615385
Andorra;    659;   13;    31;   2;   128;    500;   17; 8529,00; 401,00;   1673; 21653;Europe; 4,7040971; 19,4233687;  24,2187500
Latvia;    657;    2;     5;NA;    16;    636;    3;  348,00;   3,00;  29018; 15384;Europe; 0,7610350;  2,4353120;  31,2500000
Lebanon;    641;    9;    21;   1;    80;    540;   33;   94,00;   3,00;  16319;  2391;Asia; 3,2761310; 12,4804992;  26,2500000
Ivory Coast;    638;   12;     6;NA;   114;    518;NA;   24,00;   0,20;NA;NA;Africa; 0,9404389; 17,8683386;   5,2631579
Ghana;    636;   70;     8;NA;    17;    611;    2;   20,00;   0,30;  44421;  1430;Africa; 1,2578616;  2,6729560;  47,0588235
Costa Rica;    618;    6;     3;NA;    66;    549;   14;  121,00;   0,60;   8703;  1708;North America; 0,4854369; 10,6796117;   4,5454545
Niger;    570;   22;    14;   1;    90;    466;NA;   24,00;   0,60;   4427;   183;Africa; 2,4561404; 15,7894737;  15,5555556
Burkina Faso;    528;   13;    30;   3;   177;    321;NA;   25,00;   1,00;NA;NA;Africa; 5,6818182; 33,5227273;  16,9491525
Uruguay;    492;    9;     8;NA;   260;    224;   14;  142,00;   2,00;   9929;  2858;South America; 1,6260163; 52,8455285;   3,0769231
Albania;    475;    8;    24;   1;   248;    203;    5;  165,00;   8,00;   4306;  1496;Europe; 5,0526316; 52,2105263;   9,6774194
Channel Islands;    440;    4;    13;   4;    48;    379;NA; 2531,00;  75,00;   3320; 19095;Europe; 2,9545455; 10,9090909;  27,0833333
Kyrgyzstan;    430;   11;     5;NA;    71;    354;    5;   66,00;   0,80;  26147;  4008;Asia; 1,1627907; 16,5116279;   7,0422535
Honduras;    407;   10;    26;   1;     7;    374;   10;   41,00;   3,00;   1600;   162;North America; 6,3882064;  1,7199017; 371,4285714
Jordan;    397;    6;     7;NA;   235;    155;    5;   39,00;   0,70;  20500;  2009;Asia; 1,7632242; 59,1939547;   2,9787234
Taiwan;    393;NA;     6;NA;   124;    263;NA;   17,00;   0,30;  48549;  2038;Asia; 1,5267176; 31,5521628;   4,8387097
Malta;    393;    9;     3;NA;    44;    346;    4;  890,00;   7,00;  19121; 43305;Europe; 0,7633588; 11,1959288;   6,8181818
Réunion;    391;NA;NA;NA;    40;    351;    3;  437,00;NA;NA;NA;Africa;NA; 10,2301790;NA
Nigeria;    373;   30;    11;   1;    99;    263;    2;    2,00;   0,05;   5000;    24;Africa; 2,9490617; 26,5415550;  11,1111111
San Marino;    372;    1;    36;NA;    53;    283;   15;10963,00;1061,00;    846; 24933;Europe; 9,6774194; 14,2473118;  67,9245283
Djibouti;    363;   65;     2;NA;    53;    308;NA;  367,00;   2,00;   5356;  5421;Africa; 0,5509642; 14,6005510;   3,7735849
Guinea;    363;   44;NA;NA;    31;    332;NA;   28,00;NA;NA;NA;Africa;NA;  8,5399449;NA
Bolivia;    354;   24;    28;   1;     6;    320;    3;   30,00;   2,00;   2185;   187;South America; 7,9096045;  1,6949153; 466,6666667
Mauritius;    324;NA;     9;NA;    51;    264;    3;  255,00;   7,00;   8279;  6510;Africa; 2,7777778; 15,7407407;  17,6470588
Palestine;    308;NA;     2;NA;    62;    244;NA;   60,00;   0,40;  17329;  3397;Asia; 0,6493506; 20,1298701;   3,2258065
Georgia;    300;   28;     3;NA;    69;    228;    6;   75,00;   0,80;   5027;  1260;Asia; 1,0000000; 23,0000000;   4,3478261
Senegal;    299;    8;     2;NA;   183;    114;    1;   18,00;   0,10;NA;NA;Africa; 0,6688963; 61,2040134;   1,0928962
Montenegro;    283;    9;     4;   1;    46;    233;    7;  451,00;   6,00;   2869;  4568;Europe; 1,4134276; 16,2544170;   8,6956522
Vietnam;    266;    1;NA;NA;   169;     97;    8;    3,00;NA; 121821;  1252;Asia;NA; 63,5338346;NA
Isle of Man;    254;   12;     2;NA;   141;    111;   13; 2987,00;  24,00;   2122; 24955;Europe; 0,7874016; 55,5118110;   1,4184397
DRC;    241;    6;    20;NA;    20;    201;NA;    3,00;   0,20;NA;NA;Africa; 8,2987552;  8,2987552; 100,0000000
Sri Lanka;    233;   16;     7;NA;    61;    165;    1;   11,00;   0,30;   4768;   223;Asia; 3,0042918; 26,1802575;  11,4754098
Mayotte;    217;   10;     3;NA;    69;    145;    3;  795,00;  11,00;   1500;  5498;Africa; 1,3824885; 31,7972350;   4,3478261
Kenya;    216;    8;     9;NA;    41;    166;    2;    4,00;   0,20;   8123;   151;Africa; 4,1666667; 18,9814815;  21,9512195
Venezuela;    189;NA;     9;NA;   110;     70;    6;    7,00;   0,30; 203108;  7143;South America; 4,7619048; 58,2010582;   8,1818182
Faeroe Islands;    184;NA;NA;NA;   163;     21;NA; 3766,00;NA;   5602;114647;Europe;NA; 88,5869565;NA
Guatemala;    167;   11;     5;NA;    19;    143;    3;    9,00;   0,30;   1134;    63;North America; 2,9940120; 11,3772455;  26,3157895
Paraguay;    159;   12;     7;   1;    22;    130;    1;   22,00;   1,00;   3394;   476;South America; 4,4025157; 13,8364780;  31,8181818
Martinique;    157;NA;     6;NA;    50;    101;   19;  418,00;  16,00;NA;NA;North America; 3,8216561; 31,8471338;  12,0000000
El Salvador;    149;   12;     6;NA;    25;    118;    2;   23,00;   0,90;   7230;  1115;North America; 4,0268456; 16,7785235;  24,0000000
Guadeloupe;    145;NA;     8;NA;    67;     70;   13;  362,00;  20,00;NA;NA;North America; 5,5172414; 46,2068966;  11,9402985
Mali;    144;   21;    13;   3;    34;     97;NA;    7,00;   0,60;NA;NA;Africa; 9,0277778; 23,6111111;  38,2352941
Brunei;    136;NA;     1;NA;   107;     28;    2;  311,00;   2,00;  10350; 23658;Asia; 0,7352941; 78,6764706;   0,9345794
Rwanda;    134;    7;NA;NA;    49;     85;NA;   10,00;NA;   6237;   482;Africa;NA; 36,5671642;NA
Gibraltar;    129;NA;NA;NA;    93;     36;    1; 3829,00;NA;   1649; 48945;Europe;NA; 72,0930233;NA
Cambodia;    122;NA;NA;NA;    91;     31;    1;    7,00;NA;   5768;   345;Asia;NA; 74,5901639;NA
Trinidad and Tobago;    113;NA;     8;NA;    17;     88;NA;   81,00;   6,00;   1152;   823;North America; 7,0796460; 15,0442478;  47,0588235
Madagascar;    108;    2;NA;NA;    23;     85;    1;    4,00;NA;NA;NA;Africa;NA; 21,2962963;NA
Jamaica;    105;   32;     4;NA;    19;     82;NA;   35,00;   1,00;   1290;   436;North America; 3,8095238; 18,0952381;  21,0526316
Monaco;     93;NA;     1;NA;     6;     86;    5; 2370,00;  25,00;NA;NA;Europe; 1,0752688;  6,4516129;  16,6666667
Aruba;     92;NA;NA;NA;    32;     60;    1;  862,00;NA;   1154; 10809;North America;NA; 34,7826087;NA
French Guiana;     86;NA;NA;NA;    51;     35;    1;  288,00;NA;NA;NA;South America;NA; 59,3023256;NA
Ethiopia;     82;    8;     3;NA;    14;     65;NA;    0,70;   0,03;   4557;    40;Africa; 3,6585366; 17,0731707;  21,4285714
Liechtenstein;     79;NA;     1;NA;    55;     23;NA; 2072,00;  26,00;    900; 23605;Europe; 1,2658228; 69,6202532;   1,8181818
Togo;     77;NA;     3;NA;    32;     42;NA;    9,00;   0,40;   2806;   339;Africa; 3,8961039; 41,5584416;   9,3750000
Congo;     74;   14;     5;NA;    10;     59;NA;   13,00;   0,90;NA;NA;Africa; 6,7567568; 13,5135135;  50,0000000
Barbados;     73;    1;     5;   1;    15;     53;    4;  254,00;  17,00;    864;  3007;North America; 6,8493151; 20,5479452;  33,3333333
Myanmar;     63;    1;     4;NA;     2;     57;NA;    1,00;   0,07;   2443;    45;Asia; 6,3492063;  3,1746032; 200,0000000
Somalia;     60;NA;     2;NA;     2;     56;    2;    4,00;   0,10;NA;NA;Africa; 3,3333333;  3,3333333; 100,0000000
Liberia;     59;NA;     6;NA;     4;     49;NA;   12,00;   1,00;NA;NA;Africa;10,1694915;  6,7796610; 150,0000000
Bermuda;     57;NA;     5;NA;    30;     22;    3;  915,00;  80,00;    416;  6680;North America; 8,7719298; 52,6315789;  16,6666667
Gabon;     57;NA;     1;NA;     1;     55;NA;   26,00;   0,40;NA;NA;Africa; 1,7543860;  1,7543860; 100,0000000
French Polynesia;     55;NA;NA;NA;NA;     55;    1;  196,00;NA;    920;  3275;Australia/Oceania;NA;NA;NA
Uganda;     55;    1;NA;NA;     8;     47;NA;    1,00;NA;   6661;   146;Africa;NA; 14,5454545;NA
Cayman Islands;     54;NA;     1;NA;     6;     47;    3;  822,00;  15,00;    580;  8825;North America; 1,8518519; 11,1111111;  16,6666667
Tanzania;     53;    4;     3;NA;     7;     43;NA;    0,90;   0,05;NA;NA;Africa; 5,6603774; 13,2075472;  42,8571429
Sint Maarten;     52;    2;     9;NA;     5;     38;    2; 1213,00; 210,00;    134;  3125;North America;17,3076923;  9,6153846; 180,0000000
Bahamas;     49;NA;     8;NA;     6;     35;    1;  125,00;  20,00;NA;NA;North America;16,3265306; 12,2448980; 133,3333333
Guyana;     47;NA;     6;NA;     8;     33;    5;   60,00;   8,00;    213;   271;South America;12,7659574; 17,0212766;  75,0000000
Zambia;     45;NA;     2;NA;    30;     13;    1;    2,00;   0,10;   1696;    92;Africa; 4,4444444; 66,6666667;   6,6666667
Macao;     45;NA;NA;NA;    10;     35;    1;   69,00;NA;NA;NA;Asia;NA; 22,2222222;NA
Guinea-Bissau;     43;    5;NA;NA;NA;     43;NA;   22,00;NA;   1500;   762;Africa;NA;NA;NA
Equatorial Guinea;     41;   20;NA;NA;     4;     37;NA;   29,00;NA;    854;   609;Africa;NA;  9,7560976;NA
Haiti;     40;NA;     3;NA;NA;     37;NA;    4,00;   0,30;    365;    32;North America; 7,5000000;NA;NA
Benin;     35;NA;     1;NA;    18;     16;NA;    3,00;   0,08;NA;NA;Africa; 2,8571429; 51,4285714;   5,5555556
Libya;     35;    9;     1;NA;     9;     25;NA;    5,00;   0,10;    570;    83;Africa; 2,8571429; 25,7142857;  11,1111111
Eritrea;     35;    1;NA;NA;NA;     35;NA;   10,00;NA;NA;NA;Africa;NA;NA;NA
Sudan;     32;    3;     5;   1;     4;     23;NA;    0,70;   0,10;NA;NA;Africa;15,6250000; 12,5000000; 125,0000000
Saint Martin;     32;NA;     2;NA;    11;     19;    5;  828,00;  52,00;NA;NA;North America; 6,2500000; 34,3750000;  18,1818182
Mongolia;     30;   13;NA;NA;     5;     25;NA;    9,00;NA;   1000;   305;Asia;NA; 16,6666667;NA
Syria;     29;    4;     2;NA;     5;     22;NA;    2,00;   0,10;NA;NA;Asia; 6,8965517; 17,2413793;  40,0000000
Mozambique;     28;    7;NA;NA;     2;     26;NA;    0,90;NA;    762;    24;Africa;NA;  7,1428571;NA
Antigua and Barbuda;     23;NA;     2;NA;     3;     18;    1;  235,00;  20,00;     73;   745;North America; 8,6956522; 13,0434783;  66,6666667
Chad;     23;NA;NA;NA;     2;     21;NA;    1,00;NA;NA;NA;Africa;NA;  8,6956522;NA
Maldives;     20;NA;NA;NA;    16;      4;NA;   37,00;NA;   2899;  5363;Asia;NA; 80,0000000;NA
Angola;     19;NA;     2;NA;     5;     12;NA;    0,60;   0,06;NA;NA;Africa;10,5263158; 26,3157895;  40,0000000
Laos;     19;NA;NA;NA;     1;     18;NA;    3,00;NA;   1235;   170;Asia;NA;  5,2631579;NA
Belize;     18;NA;     2;NA;NA;     16;    1;   45,00;   5,00;    567;  1426;North America;11,1111111;NA;NA
New Caledonia;     18;NA;NA;NA;     1;     17;NA;   63,00;NA;   2608;  9135;Australia/Oceania;NA;  5,5555556;NA
Zimbabwe;     17;NA;     3;NA;NA;     14;NA;    1,00;   0,20;    604;    41;Africa;17,6470588;NA;NA
Malawi;     16;NA;     2;NA;NA;     14;    1;    0,80;   0,10;    314;    16;Africa;12,5000000;NA;NA
Nepal;     16;    2;NA;NA;     1;     15;NA;    0,50;NA;   6299;   216;Asia;NA;  6,2500000;NA
Dominica;     16;NA;NA;NA;     8;      8;NA;  222,00;NA;    345;  4793;North America;NA; 50,0000000;NA
Fiji;     16;NA;NA;NA;NA;     16;NA;   18,00;NA;NA;NA;Australia/Oceania;NA;NA;NA
Namibia;     16;NA;NA;NA;     3;     13;NA;    6,00;NA;    362;   142;Africa;NA; 18,7500000;NA
Saint Lucia;     15;NA;NA;NA;    11;      4;NA;   82,00;NA;    319;  1737;North America;NA; 73,3333333;NA
Eswatini;     15;NA;NA;NA;     8;      7;NA;   13,00;NA;    714;   615;Africa;NA; 53,3333333;NA
Curaçao;     14;NA;     1;NA;    10;      3;NA;   85,00;   6,00;    230;  1402;North America; 7,1428571; 71,4285714;  10,0000000
Grenada;     14;NA;NA;NA;NA;     14;    2;  124,00;NA;     92;   818;North America;NA;NA;NA
Saint Kitts and Nevis;     14;    2;NA;NA;NA;     14;NA;  263,00;NA;    234;  4399;North America;NA;NA;NA
Botswana;     13;NA;     1;NA;NA;     12;NA;    6,00;   0,40;   3115;  1325;Africa; 7,6923077;NA;NA
St. Vincent Grenadines;     12;NA;NA;NA;     1;     11;NA;  108,00;NA;     87;   784;North America;NA;  8,3333333;NA
Cabo Verde;     11;    1;     1;NA;     1;      9;NA;   20,00;   2,00;NA;NA;Africa; 9,0909091;  9,0909091; 100,0000000
CAR;     11;NA;NA;NA;     4;      7;NA;    2,00;NA;NA;NA;Africa;NA; 36,3636364;NA
Falkland Islands;     11;    6;NA;NA;     1;     10;NA; 3161,00;NA;    137; 39368;South America;NA;  9,0909091;NA
Greenland;     11;NA;NA;NA;    11;      0;NA;  194,00;NA;    912; 16065;North America;NA;100,0000000;NA
Montserrat;     11;NA;NA;NA;     1;     10;    1; 2204,00;NA;     36;  7212;North America;NA;  9,0909091;NA
Seychelles;     11;NA;NA;NA;NA;     11;NA;  112,00;NA;NA;NA;Africa;NA;NA;NA
Sierra Leone;     11;    1;NA;NA;NA;     11;NA;    1,00;NA;NA;NA;Africa;NA;NA;NA
Suriname;     10;NA;     1;NA;     6;      3;NA;   17,00;   2,00;NA;NA;South America;10,0000000; 60,0000000;  16,6666667
Turks and Caicos;     10;NA;     1;NA;NA;      9;NA;  258,00;  26,00;     71;  1834;North America;10,0000000;NA;NA
Gambia;      9;NA;     1;NA;     2;      6;NA;    4,00;   0,40;    281;   116;Africa;11,1111111; 22,2222222;  50,0000000
Nicaragua;      9;NA;     1;NA;     4;      4;NA;    1,00;   0,20;NA;NA;North America;11,1111111; 44,4444444;  25,0000000
Vatican City;      8;NA;NA;NA;     2;      6;NA; 9988,00;NA;NA;NA;Europe;NA; 25,0000000;NA
Mauritania;      7;NA;     1;NA;     2;      4;NA;    2,00;   0,20;    593;   128;Africa;14,2857143; 28,5714286;  50,0000000
St. Barth;      6;NA;NA;NA;     4;      2;NA;  607,00;NA;NA;NA;North America;NA; 66,6666667;NA
Timor-Leste;      6;    2;NA;NA;     1;      5;NA;    5,00;NA;NA;NA;Asia;NA; 16,6666667;NA
Western Sahara;      6;NA;NA;NA;NA;      6;NA;   10,00;NA;NA;NA;Africa;NA;NA;NA
Burundi;      5;NA;     1;NA;NA;      4;NA;    0,40;   0,08;NA;NA;Africa;20,0000000;NA;NA
Bhutan;      5;NA;NA;NA;     2;      3;NA;    6,00;NA;   1166;  1511;Asia;NA; 40,0000000;NA
Sao Tome and Principe;      4;NA;NA;NA;NA;      4;NA;   18,00;NA;     19;    87;Africa;NA;NA;NA
South Sudan;      4;NA;NA;NA;NA;      4;NA;    0,40;NA;NA;NA;Africa;NA;NA;NA
Anguilla;      3;NA;NA;NA;     1;      2;NA;  200,00;NA;NA;NA;North America;NA; 33,3333333;NA
British Virgin Islands;      3;NA;NA;NA;     2;      1;NA;   99,00;NA;NA;NA;North America;NA; 66,6666667;NA
Caribbean Netherlands;      3;NA;NA;NA;NA;      3;NA;  114,00;NA;     10;   381;North America;NA;NA;NA
Papua New Guinea;      2;NA;NA;NA;NA;      2;NA;    0,20;NA;     72;     8;Australia/Oceania;NA;NA;NA
Saint Pierre Miquelon;      1;NA;NA;NA;NA;      1;NA;  173,00;NA;NA;NA;North America;NA;NA;NA
Yemen;      1;NA;NA;NA;NA;      1;NA;    0,03;NA;NA;NA;Asia;NA;NA;NA
